experiment_id,timestamp,pipeline_type,dataset_type,dataset_size,anonymization_method,anonymization_params,pure_processing_time_seconds,pre_processing_time_seconds,post_processing_time_seconds,total_time_seconds,records_processed,records_per_second,violations_detected,violation_rate,memory_usage_mb,cpu_usage_percent,anonymization_overhead_seconds,compliance_check_time_seconds,avg_latency_ms,max_latency_ms,min_latency_ms,latency_std_ms,e2e_latency_ms,information_loss_score,utility_preservation_score,privacy_level_score,success,error_message,notes
stream_optimized_healthcare_1000_k_anonymity_1752761893,2025-07-17T15:18:13.274501,stream_optimized,healthcare,1000,k_anonymity,"{""k_value"": 3}",3.986374855041504,0.00974893569946289,0.21675801277160645,4.212881803512573,1000,250.8544821707663,1000,1.0,132.28125,15.0,0.0018582344055175781,0.007217884063720703,0.3,0.7,0.8,0.01120901107788086,0.2949237823486328,0.0069141387939453125,0.01085857730026986,4.212881803512573,True,,"Optimized streaming - Topic: healthcare_1000, Consumer Group: k_3_healthcare_1000, Throughput: 251 rec/sec"
stream_optimized_healthcare_1000_k_anonymity_1752761897,2025-07-17T15:18:17.092563,stream_optimized,healthcare,1000,k_anonymity,"{""k_value"": 5}",3.6086270809173584,0.0004100799560546875,0.20579290390014648,3.8148300647735596,1000,277.11369935897824,1000,1.0,132.71875,28.1,0.0018694400787353516,0.006366252899169922,0.3,0.7,0.8,0.010204792022705078,0.12087821960449219,0.00667572021484375,0.004839032640902558,3.8148300647735596,True,,"Optimized streaming - Topic: healthcare_1000, Consumer Group: k_5_healthcare_1000, Throughput: 277 rec/sec"
stream_optimized_healthcare_1000_k_anonymity_1752761900,2025-07-17T15:18:20.885885,stream_optimized,healthcare,1000,k_anonymity,"{""k_value"": 10}",3.5759711265563965,0.00018787384033203125,0.21555113792419434,3.791710138320923,1000,279.64431607784934,1000,1.0,132.75,16.0,0.0017774105072021484,0.006569385528564453,0.3,0.7,0.8,0.010372400283813477,0.11396408081054688,0.0069141387939453125,0.005478223828379872,3.791710138320923,True,,"Optimized streaming - Topic: healthcare_1000, Consumer Group: k_10_healthcare_1000, Throughput: 280 rec/sec"
stream_optimized_healthcare_1000_k_anonymity_1752761904,2025-07-17T15:18:24.676808,stream_optimized,healthcare,1000,k_anonymity,"{""k_value"": 15}",3.5714480876922607,0.0003981590270996094,0.21571612358093262,3.787562370300293,1000,279.9984699332879,1000,1.0,133.59375,17.0,0.00171661376953125,0.006758689880371094,0.3,0.7,0.8,0.010528326034545898,0.11992454528808594,0.0069141387939453125,0.00549993845971171,3.787562370300293,True,,"Optimized streaming - Topic: healthcare_1000, Consumer Group: k_15_healthcare_1000, Throughput: 280 rec/sec"
stream_optimized_healthcare_1000_differential_privacy_1752761908,2025-07-17T15:18:28.493904,stream_optimized,healthcare,1000,differential_privacy,"{""epsilon"": 0.1}",3.5956718921661377,0.000347137451171875,0.21781015396118164,3.813829183578491,1000,278.1121387017242,1000,1.0,136.03125,16.9,0.006279468536376953,0.006838798522949219,0.3,0.7,0.8,0.015343666076660155,0.1499652862548828,0.008821487426757812,0.008141627114918212,3.813829183578491,True,,"Optimized streaming - Topic: healthcare_1000, Consumer Group: dp_0_1_healthcare_1000, Throughput: 278 rec/sec"
stream_optimized_healthcare_1000_differential_privacy_1752761912,2025-07-17T15:18:32.304479,stream_optimized,healthcare,1000,differential_privacy,"{""epsilon"": 0.5}",3.590441942214966,0.0003876686096191406,0.2157611846923828,3.8065907955169678,1000,278.51724553526515,1000,1.0,136.484375,17.0,0.008332967758178711,0.006472110748291016,0.3,0.7,0.8,0.01697063446044922,1.8401145935058594,0.008821487426757812,0.05814541416586596,3.8065907955169678,True,,"Optimized streaming - Topic: healthcare_1000, Consumer Group: dp_0_5_healthcare_1000, Throughput: 279 rec/sec"
stream_optimized_healthcare_1000_differential_privacy_1752761916,2025-07-17T15:18:36.098188,stream_optimized,healthcare,1000,differential_privacy,"{""epsilon"": 1.0}",3.5819268226623535,0.00039768218994140625,0.20746898651123047,3.7897934913635254,1000,279.1793494141586,1000,1.0,136.921875,16.3,0.006774425506591797,0.006384611129760742,0.3,0.7,0.8,0.01520848274230957,0.12111663818359375,0.008821487426757812,0.006609771793076567,3.7897934913635254,True,,"Optimized streaming - Topic: healthcare_1000, Consumer Group: dp_1_0_healthcare_1000, Throughput: 279 rec/sec"
stream_optimized_healthcare_1000_differential_privacy_1752761919,2025-07-17T15:18:39.926839,stream_optimized,healthcare,1000,differential_privacy,"{""epsilon"": 2.0}",3.6076550483703613,0.0003859996795654297,0.21637320518493652,3.8244142532348633,1000,277.1883637965101,1000,1.0,133.96875,16.3,0.007661342620849609,0.006792783737182617,0.3,0.7,0.8,0.01666736602783203,0.15282630920410156,0.008821487426757812,0.007570980143648194,3.8244142532348633,True,,"Optimized streaming - Topic: healthcare_1000, Consumer Group: dp_2_0_healthcare_1000, Throughput: 277 rec/sec"
stream_optimized_healthcare_1000_tokenization_1752761923,2025-07-17T15:18:43.745973,stream_optimized,healthcare,1000,tokenization,"{""key_length"": 128}",3.598848819732666,0.00038886070251464844,0.21583008766174316,3.815067768096924,1000,277.86663182875327,1000,1.0,135.453125,15.7,0.008503913879394531,0.0066416263580322266,0.3,0.7,0.8,0.017199277877807617,0.12803077697753906,0.012636184692382812,0.006741260255316711,3.815067768096924,True,,"Optimized streaming - Topic: healthcare_1000, Consumer Group: token_128_healthcare_1000, Throughput: 278 rec/sec"
stream_optimized_healthcare_1000_tokenization_1752761927,2025-07-17T15:18:47.551733,stream_optimized,healthcare,1000,tokenization,"{""key_length"": 256}",3.5844991207122803,0.0004000663757324219,0.21688032150268555,3.8017795085906982,1000,278.97900552456787,1000,1.0,135.734375,15.1,0.008616209030151367,0.006621360778808594,0.3,0.7,0.8,0.017333269119262695,0.1380443572998047,0.012636184692382812,0.006003896778677957,3.8017795085906982,True,,"Optimized streaming - Topic: healthcare_1000, Consumer Group: token_256_healthcare_1000, Throughput: 279 rec/sec"
stream_optimized_healthcare_1000_tokenization_1752761931,2025-07-17T15:18:51.367449,stream_optimized,healthcare,1000,tokenization,"{""key_length"": 512}",3.599106788635254,0.0003876686096191406,0.2120990753173828,3.811593532562256,1000,277.84671551220913,1000,1.0,132.765625,17.2,0.008218765258789062,0.006554603576660156,0.3,0.7,0.8,0.016794443130493164,0.11801719665527344,0.012159347534179688,0.006171286663084335,3.811593532562256,True,,"Optimized streaming - Topic: healthcare_1000, Consumer Group: token_512_healthcare_1000, Throughput: 278 rec/sec"
stream_optimized_financial_1000_k_anonymity_1752761935,2025-07-17T15:18:55.187335,stream_optimized,financial,1000,k_anonymity,"{""k_value"": 3}",3.5800468921661377,0.00039005279541015625,0.23541021347045898,3.815847158432007,1000,279.32595022378086,891,0.891,132.859375,23.6,0.0010933876037597656,0.0027785301208496094,0.3,0.7,0.8,0.005663871765136719,0.1590251922607422,0.0016689300537109375,0.005926389875847627,3.815847158432007,True,,"Optimized streaming - Topic: financial_1000, Consumer Group: k_3_financial_1000, Throughput: 279 rec/sec"
stream_optimized_financial_1000_k_anonymity_1752761938,2025-07-17T15:18:58.993964,stream_optimized,financial,1000,k_anonymity,"{""k_value"": 5}",3.594329833984375,0.0001068115234375,0.21071100234985352,3.805147647857666,1000,278.21598077755795,891,0.891,134.203125,21.2,0.0012156963348388672,0.0030181407928466797,0.3,0.7,0.8,0.006218671798706055,0.1327991485595703,0.0016689300537109375,0.00583224726464225,3.805147647857666,True,,"Optimized streaming - Topic: financial_1000, Consumer Group: k_5_financial_1000, Throughput: 278 rec/sec"
stream_optimized_financial_1000_k_anonymity_1752761942,2025-07-17T15:19:02.794212,stream_optimized,financial,1000,k_anonymity,"{""k_value"": 10}",3.58949613571167,0.0002300739288330078,0.20813679695129395,3.797863006591797,1000,278.5906328331331,891,0.891,134.90625,17.0,0.001155853271484375,0.004727840423583984,0.3,0.7,0.8,0.007778644561767577,2.03704833984375,0.0016689300537109375,0.06431109846902733,3.797863006591797,True,,"Optimized streaming - Topic: financial_1000, Consumer Group: k_10_financial_1000, Throughput: 279 rec/sec"
stream_optimized_financial_1000_k_anonymity_1752761946,2025-07-17T15:19:06.607242,stream_optimized,financial,1000,k_anonymity,"{""k_value"": 15}",3.5946948528289795,0.00036406517028808594,0.21416234970092773,3.8092212677001953,1000,278.18772967975644,891,0.891,134.90625,17.2,0.0012578964233398438,0.0031528472900390625,0.3,0.7,0.8,0.006513357162475586,0.17499923706054688,0.0016689300537109375,0.007450499492203824,3.8092212677001953,True,,"Optimized streaming - Topic: financial_1000, Consumer Group: k_15_financial_1000, Throughput: 278 rec/sec"
stream_optimized_financial_1000_differential_privacy_1752761950,2025-07-17T15:19:10.389135,stream_optimized,financial,1000,differential_privacy,"{""epsilon"": 0.1}",3.573356866836548,0.0003528594970703125,0.20445990562438965,3.778169631958008,1000,279.8489032205979,891,0.891,135.1875,16.4,0.002663850784301758,0.0028777122497558594,0.3,0.7,0.8,0.007531881332397461,0.11587142944335938,0.0016689300537109375,0.005371014031370978,3.778169631958008,True,,"Optimized streaming - Topic: financial_1000, Consumer Group: dp_0_1_financial_1000, Throughput: 280 rec/sec"
stream_optimized_financial_1000_differential_privacy_1752761954,2025-07-17T15:19:14.184535,stream_optimized,financial,1000,differential_privacy,"{""epsilon"": 0.5}",3.576089859008789,0.0003829002380371094,0.21425890922546387,3.79073166847229,1000,279.6350313963244,891,0.891,136.375,17.5,0.0025739669799804688,0.002846956253051758,0.3,0.7,0.8,0.007398843765258789,0.14400482177734375,0.0016689300537109375,0.006258285205834897,3.79073166847229,True,,"Optimized streaming - Topic: financial_1000, Consumer Group: dp_0_5_financial_1000, Throughput: 280 rec/sec"
stream_optimized_financial_1000_differential_privacy_1752761957,2025-07-17T15:19:17.992876,stream_optimized,financial,1000,differential_privacy,"{""epsilon"": 1.0}",3.598586082458496,0.00043010711669921875,0.20494794845581055,3.803964138031006,1000,277.88691921934407,891,0.891,137.140625,16.3,0.0026214122772216797,0.030404329299926758,0.3,0.7,0.8,0.0349421501159668,25.902748107910156,0.0016689300537109375,0.8206740170354434,3.803964138031006,True,,"Optimized streaming - Topic: financial_1000, Consumer Group: dp_1_0_financial_1000, Throughput: 278 rec/sec"
stream_optimized_financial_1000_differential_privacy_1752761961,2025-07-17T15:19:21.802335,stream_optimized,financial,1000,differential_privacy,"{""epsilon"": 2.0}",3.5917019844055176,0.0003769397735595703,0.2135159969329834,3.8055949211120605,1000,278.4195360143488,891,0.891,137.515625,16.2,0.002657175064086914,0.0028667449951171875,0.3,0.7,0.8,0.00753021240234375,0.11086463928222656,0.0016689300537109375,0.005347962805888354,3.8055949211120605,True,,"Optimized streaming - Topic: financial_1000, Consumer Group: dp_2_0_financial_1000, Throughput: 278 rec/sec"
stream_optimized_financial_1000_tokenization_1752761965,2025-07-17T15:19:25.599250,stream_optimized,financial,1000,tokenization,"{""key_length"": 128}",3.5833280086517334,0.0002701282501220703,0.21059203147888184,3.7941901683807373,1000,279.0701821283341,891,0.891,137.984375,16.4,0.00380706787109375,0.002753019332885742,0.3,0.7,0.8,0.008410930633544922,0.11897087097167969,0.0016689300537109375,0.005620809480482974,3.7941901683807373,True,,"Optimized streaming - Topic: financial_1000, Consumer Group: token_128_financial_1000, Throughput: 279 rec/sec"
stream_optimized_financial_1000_tokenization_1752761969,2025-07-17T15:19:29.403486,stream_optimized,financial,1000,tokenization,"{""key_length"": 256}",3.585852861404419,0.0003631114959716797,0.2142629623413086,3.800478935241699,1000,278.87368462975485,891,0.891,138.84375,16.8,0.0040204524993896484,0.002882719039916992,0.3,0.7,0.8,0.008879661560058594,0.11396408081054688,0.0016689300537109375,0.0056307809227652385,3.800478935241699,True,,"Optimized streaming - Topic: financial_1000, Consumer Group: token_256_financial_1000, Throughput: 279 rec/sec"
stream_optimized_financial_1000_tokenization_1752761973,2025-07-17T15:19:33.214514,stream_optimized,financial,1000,tokenization,"{""key_length"": 512}",3.5933051109313965,0.0003769397735595703,0.21346092224121094,3.807142972946167,1000,278.2953211954764,891,0.891,138.84375,27.9,0.0039768218994140625,0.0043408870697021484,0.3,0.7,0.8,0.01028585433959961,1.5368461608886719,0.0016689300537109375,0.04853320406783336,3.807142972946167,True,,"Optimized streaming - Topic: financial_1000, Consumer Group: token_512_financial_1000, Throughput: 278 rec/sec"
stream_optimized_healthcare_5000_k_anonymity_1752761977,2025-07-17T15:19:37.325886,stream_optimized,healthcare,5000,k_anonymity,"{""k_value"": 3}",3.8715009689331055,0.00026607513427734375,0.2360219955444336,4.107789039611816,5000,1291.4887636920525,5000,1.0,142.25,17.6,0.007703065872192383,0.030001401901245117,0.3,0.7,0.8,0.009344816207885742,0.16999244689941406,0.00667572021484375,0.006231166035336142,0.8215578079223633,True,,"Optimized streaming - Topic: healthcare_5000, Consumer Group: k_3_healthcare_5000, Throughput: 1291 rec/sec"
stream_optimized_healthcare_5000_k_anonymity_1752761981,2025-07-17T15:19:41.417307,stream_optimized,healthcare,5000,k_anonymity,"{""k_value"": 5}",3.8447930812835693,0.00025534629821777344,0.23522686958312988,4.080275297164917,5000,1300.4601013094752,5000,1.0,142.25,16.3,0.00812983512878418,0.02993464469909668,0.3,0.7,0.8,0.0093503475189209,0.5676746368408203,0.00667572021484375,0.00948820694000434,0.8160550594329834,True,,"Optimized streaming - Topic: healthcare_5000, Consumer Group: k_5_healthcare_5000, Throughput: 1300 rec/sec"
stream_optimized_healthcare_5000_k_anonymity_1752761985,2025-07-17T15:19:45.511698,stream_optimized,healthcare,5000,k_anonymity,"{""k_value"": 10}",3.8476991653442383,0.00030303001403808594,0.23596715927124023,4.083969354629517,5000,1299.4778918878055,5000,1.0,142.265625,18.1,0.007877349853515625,0.0311279296875,0.3,0.7,0.8,0.009556961059570313,1.0170936584472656,0.00667572021484375,0.016246569061580087,0.8167938709259033,True,,"Optimized streaming - Topic: healthcare_5000, Consumer Group: k_10_healthcare_5000, Throughput: 1299 rec/sec"
stream_optimized_healthcare_5000_k_anonymity_1752761989,2025-07-17T15:19:49.585571,stream_optimized,healthcare,5000,k_anonymity,"{""k_value"": 15}",3.8282439708709717,0.0002770423889160156,0.23575401306152344,4.064275026321411,5000,1306.0818584303654,5000,1.0,142.28125,15.4,0.0073244571685791016,0.029984235763549805,0.3,0.7,0.8,0.009191226959228516,0.7910728454589844,0.00667572021484375,0.01222133222372258,0.8128550052642822,True,,"Optimized streaming - Topic: healthcare_5000, Consumer Group: k_15_healthcare_5000, Throughput: 1306 rec/sec"
stream_optimized_healthcare_5000_differential_privacy_1752761993,2025-07-17T15:19:53.712846,stream_optimized,healthcare,5000,differential_privacy,"{""epsilon"": 0.1}",3.873798131942749,0.000225067138671875,0.24301481246948242,4.117038011550903,5000,1290.722910616008,5000,1.0,142.3125,16.7,0.027769804000854492,0.030073165893554688,0.3,0.7,0.8,0.013479328155517578,1.132965087890625,0.008821487426757812,0.017916450903862083,0.8234076023101806,True,,"Optimized streaming - Topic: healthcare_5000, Consumer Group: dp_0_1_healthcare_5000, Throughput: 1291 rec/sec"
stream_optimized_healthcare_5000_differential_privacy_1752761997,2025-07-17T15:19:57.803392,stream_optimized,healthcare,5000,differential_privacy,"{""epsilon"": 0.5}",3.849370241165161,0.0002949237823486328,0.23064279556274414,4.080307960510254,5000,1298.9137668624353,5000,1.0,142.34375,22.3,0.03014397621154785,0.030130863189697266,0.3,0.7,0.8,0.01398591995239258,1.2829303741455078,0.008821487426757812,0.01901577147082189,0.8160615921020508,True,,"Optimized streaming - Topic: healthcare_5000, Consumer Group: dp_0_5_healthcare_5000, Throughput: 1299 rec/sec"
stream_optimized_healthcare_5000_differential_privacy_1752762001,2025-07-17T15:20:01.926868,stream_optimized,healthcare,5000,differential_privacy,"{""epsilon"": 1.0}",3.8727927207946777,0.00018215179443359375,0.2404768466949463,4.113451719284058,5000,1291.0579936676872,5000,1.0,142.359375,15.4,0.030733585357666016,0.030352354049682617,0.3,0.7,0.8,0.014084053039550782,0.5099773406982422,0.008821487426757812,0.009239010960579124,0.8226903438568115,True,,"Optimized streaming - Topic: healthcare_5000, Consumer Group: dp_1_0_healthcare_5000, Throughput: 1291 rec/sec"
stream_optimized_healthcare_5000_differential_privacy_1752762006,2025-07-17T15:20:06.059327,stream_optimized,healthcare,5000,differential_privacy,"{""epsilon"": 2.0}",3.890225887298584,0.0001647472381591797,0.2304227352142334,4.120813369750977,5000,1285.2724095854637,5000,1.0,142.359375,19.0,0.033011436462402344,0.044466257095336914,0.3,0.7,0.8,0.017385816574096682,14.079093933105469,0.008821487426757812,0.19947921317467288,0.8241626739501953,True,,"Optimized streaming - Topic: healthcare_5000, Consumer Group: dp_2_0_healthcare_5000, Throughput: 1285 rec/sec"
stream_optimized_healthcare_5000_tokenization_1752762010,2025-07-17T15:20:10.172505,stream_optimized,healthcare,5000,tokenization,"{""key_length"": 128}",3.8669817447662354,0.0003058910369873047,0.2356710433959961,4.102958679199219,5000,1292.998087401692,5000,1.0,142.375,17.9,0.03564858436584473,0.02998971939086914,0.3,0.7,0.8,0.014870834350585936,0.7059574127197266,0.012636184692382812,0.011129736333184322,0.8205917358398438,True,,"Optimized streaming - Topic: healthcare_5000, Consumer Group: token_128_healthcare_5000, Throughput: 1293 rec/sec"
stream_optimized_healthcare_5000_tokenization_1752762014,2025-07-17T15:20:14.294511,stream_optimized,healthcare,5000,tokenization,"{""key_length"": 256}",3.8827481269836426,0.00023508071899414062,0.22727298736572266,4.110256195068359,5000,1287.7477076743342,5000,1.0,142.375,18.6,0.03499317169189453,0.031126022338867188,0.3,0.7,0.8,0.014998674392700195,1.1987686157226562,0.011682510375976562,0.01852419677677979,0.8220512390136718,True,,"Optimized streaming - Topic: healthcare_5000, Consumer Group: token_256_healthcare_5000, Throughput: 1288 rec/sec"
stream_optimized_healthcare_5000_tokenization_1752762018,2025-07-17T15:20:18.370609,stream_optimized,healthcare,5000,tokenization,"{""key_length"": 512}",3.8308727741241455,0.00018405914306640625,0.23431086540222168,4.065367698669434,5000,1305.1856051636048,5000,1.0,143.1875,17.7,0.035132408142089844,0.029536962509155273,0.3,0.7,0.8,0.014702892303466797,0.1430511474609375,0.011920928955078125,0.005556286756688759,0.8130735397338867,True,,"Optimized streaming - Topic: healthcare_5000, Consumer Group: token_512_healthcare_5000, Throughput: 1305 rec/sec"
stream_optimized_financial_5000_k_anonymity_1752762022,2025-07-17T15:20:22.463604,stream_optimized,financial,5000,k_anonymity,"{""k_value"": 3}",3.8594870567321777,0.00029921531677246094,0.2218787670135498,4.0816650390625,5000,1295.508943676441,4415,0.883,143.1875,16.8,0.0051882266998291016,0.01258707046508789,0.3,0.7,0.8,0.00527806282043457,0.12087821960449219,0.0016689300537109375,0.004487255619919176,0.8163330078125,True,,"Optimized streaming - Topic: financial_5000, Consumer Group: k_3_financial_5000, Throughput: 1296 rec/sec"
stream_optimized_financial_5000_k_anonymity_1752762026,2025-07-17T15:20:26.557865,stream_optimized,financial,5000,k_anonymity,"{""k_value"": 5}",3.8623650074005127,0.00015211105346679688,0.22605681419372559,4.088573932647705,5000,1294.5436255816614,4415,0.883,143.203125,21.1,0.005112409591674805,0.012956857681274414,0.3,0.7,0.8,0.0053309440612792965,0.3597736358642578,0.0016689300537109375,0.0066061253249190075,0.817714786529541,True,,"Optimized streaming - Topic: financial_5000, Consumer Group: k_5_financial_5000, Throughput: 1295 rec/sec"
stream_optimized_financial_5000_k_anonymity_1752762030,2025-07-17T15:20:30.662531,stream_optimized,financial,5000,k_anonymity,"{""k_value"": 10}",3.8661880493164062,0.000225067138671875,0.2287921905517578,4.095205307006836,5000,1293.2635288870822,4415,0.883,143.203125,16.9,0.005190610885620117,0.014111995697021484,0.3,0.7,0.8,0.005575895309448242,1.2791156768798828,0.0016689300537109375,0.018963867183048513,0.8190410614013672,True,,"Optimized streaming - Topic: financial_5000, Consumer Group: k_10_financial_5000, Throughput: 1293 rec/sec"
stream_optimized_financial_5000_k_anonymity_1752762034,2025-07-17T15:20:34.776448,stream_optimized,financial,5000,k_anonymity,"{""k_value"": 15}",3.8711349964141846,0.0002486705780029297,0.23056316375732422,4.101946830749512,5000,1291.6108595105773,4415,0.883,143.203125,19.1,0.005425214767456055,0.014826774597167969,0.3,0.7,0.8,0.005842685699462891,1.4007091522216797,0.0016689300537109375,0.02053219326497783,0.8203893661499023,True,,"Optimized streaming - Topic: financial_5000, Consumer Group: k_15_financial_5000, Throughput: 1292 rec/sec"
stream_optimized_financial_5000_differential_privacy_1752762038,2025-07-17T15:20:38.893325,stream_optimized,financial,5000,differential_privacy,"{""epsilon"": 0.1}",3.8786070346832275,0.00025010108947753906,0.22602009773254395,4.104877233505249,5000,1289.1226038856391,4415,0.883,143.234375,19.9,0.011837005615234375,0.02763080596923828,0.3,0.7,0.8,0.009740924835205078,13.63682746887207,0.0016689300537109375,0.1934027061180621,0.8209754467010498,True,,"Optimized streaming - Topic: financial_5000, Consumer Group: dp_0_1_financial_5000, Throughput: 1289 rec/sec"
stream_optimized_financial_5000_differential_privacy_1752762042,2025-07-17T15:20:42.998360,stream_optimized,financial,5000,differential_privacy,"{""epsilon"": 0.5}",3.8659608364105225,0.00024700164794921875,0.22734522819519043,4.093553066253662,5000,1293.3395374595707,4415,0.883,143.234375,18.8,0.01201009750366211,0.013655662536621094,0.3,0.7,0.8,0.006998682022094727,0.9582042694091797,0.0016689300537109375,0.014230032135403246,0.8187106132507325,True,,"Optimized streaming - Topic: financial_5000, Consumer Group: dp_0_5_financial_5000, Throughput: 1293 rec/sec"
stream_optimized_financial_5000_differential_privacy_1752762047,2025-07-17T15:20:47.102085,stream_optimized,financial,5000,differential_privacy,"{""epsilon"": 1.0}",3.875051975250244,0.00021314620971679688,0.21610808372497559,4.0913732051849365,5000,1290.305273822065,4415,0.883,143.234375,26.9,0.0119781494140625,0.012809038162231445,0.3,0.7,0.8,0.006773567199707031,0.12803077697753906,0.0016689300537109375,0.004959514329715381,0.8182746410369873,True,,"Optimized streaming - Topic: financial_5000, Consumer Group: dp_1_0_financial_5000, Throughput: 1290 rec/sec"
stream_optimized_financial_5000_differential_privacy_1752762051,2025-07-17T15:20:51.211461,stream_optimized,financial,5000,differential_privacy,"{""epsilon"": 2.0}",3.868774890899658,0.00021195411682128906,0.23064589500427246,4.099632740020752,5000,1292.3987931583383,4415,0.883,143.25,16.3,0.011906147003173828,0.013370990753173828,0.3,0.7,0.8,0.006855297088623047,0.6089210510253906,0.0016689300537109375,0.009823939952705758,0.8199265480041504,True,,"Optimized streaming - Topic: financial_5000, Consumer Group: dp_2_0_financial_5000, Throughput: 1292 rec/sec"
stream_optimized_financial_5000_tokenization_1752762055,2025-07-17T15:20:55.337150,stream_optimized,financial,5000,tokenization,"{""key_length"": 128}",3.8898329734802246,0.00023293495178222656,0.2255849838256836,4.11565089225769,5000,1285.4022355429086,4415,0.883,143.25,21.5,0.01770472526550293,0.012868642807006836,0.3,0.7,0.8,0.00784444808959961,0.29087066650390625,0.0016689300537109375,0.0062585380915475145,0.8231301784515381,True,,"Optimized streaming - Topic: financial_5000, Consumer Group: token_128_financial_5000, Throughput: 1285 rec/sec"
stream_optimized_financial_5000_tokenization_1752762059,2025-07-17T15:20:59.470330,stream_optimized,financial,5000,tokenization,"{""key_length"": 256}",3.89172101020813,0.00024127960205078125,0.2307300567626953,4.122692346572876,5000,1284.7786331252453,4415,0.883,143.28125,17.3,0.018085718154907227,0.013221502304077148,0.3,0.7,0.8,0.008027124404907226,0.27632713317871094,0.0016689300537109375,0.006446902342308312,0.8245384693145752,True,,"Optimized streaming - Topic: financial_5000, Consumer Group: token_256_financial_5000, Throughput: 1285 rec/sec"
stream_optimized_financial_5000_tokenization_1752762063,2025-07-17T15:21:03.601673,stream_optimized,financial,5000,tokenization,"{""key_length"": 512}",3.890079975128174,0.00017404556274414062,0.2300736904144287,4.120327711105347,5000,1285.3206185909469,4415,0.883,143.296875,16.5,0.01796269416809082,0.014248132705688477,0.3,0.7,0.8,0.008213186264038086,1.3759136199951172,0.0016689300537109375,0.019935101364094536,0.8240655422210693,True,,"Optimized streaming - Topic: financial_5000, Consumer Group: token_512_financial_5000, Throughput: 1285 rec/sec"
stream_optimized_healthcare_10000_k_anonymity_1752762068,2025-07-17T15:21:08.021675,stream_optimized,healthcare,10000,k_anonymity,"{""k_value"": 3}",4.152764081954956,0.0002918243408203125,0.2554481029510498,4.408504009246826,10000,2408.0346975290727,10000,1.0,128.890625,17.5,0.015219449996948242,0.05846095085144043,0.3,0.7,0.8,0.009097695350646973,0.9958744049072266,0.00667572021484375,0.01117614899035003,0.44085040092468264,True,,"Optimized streaming - Topic: healthcare_10000, Consumer Group: k_3_healthcare_10000, Throughput: 2408 rec/sec"
stream_optimized_healthcare_10000_k_anonymity_1752762072,2025-07-17T15:21:12.558182,stream_optimized,healthcare,10000,k_anonymity,"{""k_value"": 5}",4.265278100967407,0.00032401084899902344,0.25943708419799805,4.525039196014404,10000,2344.5130102376916,10000,1.0,129.953125,18.1,0.016806602478027344,0.07819151878356934,0.3,0.7,0.8,0.01136019229888916,15.048980712890625,0.00667572021484375,0.15126893124586285,0.45250391960144043,True,,"Optimized streaming - Topic: healthcare_10000, Consumer Group: k_5_healthcare_10000, Throughput: 2345 rec/sec"
stream_optimized_healthcare_10000_k_anonymity_1752762077,2025-07-17T15:21:17.005276,stream_optimized,healthcare,10000,k_anonymity,"{""k_value"": 10}",4.177377939224243,0.00016188621520996094,0.25868988037109375,4.436229705810547,10000,2393.846126801982,10000,1.0,130.03125,15.4,0.015648841857910156,0.057784318923950195,0.3,0.7,0.8,0.009064579010009765,0.5409717559814453,0.00667572021484375,0.007279303099839481,0.4436229705810547,True,,"Optimized streaming - Topic: healthcare_10000, Consumer Group: k_10_healthcare_10000, Throughput: 2394 rec/sec"
stream_optimized_healthcare_10000_k_anonymity_1752762081,2025-07-17T15:21:21.475922,stream_optimized,healthcare,10000,k_anonymity,"{""k_value"": 15}",4.200223922729492,0.00024199485778808594,0.25912022590637207,4.459586143493652,10000,2380.8254473969937,10000,1.0,130.03125,15.6,0.014372825622558594,0.05834054946899414,0.3,0.7,0.8,0.00899331569671631,0.9872913360595703,0.00667572021484375,0.010963528693457082,0.44595861434936523,True,,"Optimized streaming - Topic: healthcare_10000, Consumer Group: k_15_healthcare_10000, Throughput: 2381 rec/sec"
stream_optimized_healthcare_10000_differential_privacy_1752762085,2025-07-17T15:21:25.977236,stream_optimized,healthcare,10000,differential_privacy,"{""epsilon"": 0.1}",4.224911212921143,0.00016570091247558594,0.26631879806518555,4.491395711898804,10000,2366.9136452895796,10000,1.0,130.890625,15.9,0.05234551429748535,0.06105852127075195,0.3,0.7,0.8,0.01320788860321045,1.3308525085449219,0.008821487426757812,0.01895896022387904,0.44913957118988035,True,,"Optimized streaming - Topic: healthcare_10000, Consumer Group: dp_0_1_healthcare_10000, Throughput: 2367 rec/sec"
stream_optimized_healthcare_10000_differential_privacy_1752762090,2025-07-17T15:21:30.493436,stream_optimized,healthcare,10000,differential_privacy,"{""epsilon"": 0.5}",4.235709190368652,0.00023293495178222656,0.26903319358825684,4.504975318908691,10000,2360.8797371496735,10000,1.0,130.890625,17.3,0.0718374252319336,0.05945730209350586,0.3,0.7,0.8,0.015030074119567872,14.08076286315918,0.008821487426757812,0.1418048466652249,0.45049753189086916,True,,"Optimized streaming - Topic: healthcare_10000, Consumer Group: dp_0_5_healthcare_10000, Throughput: 2361 rec/sec"
stream_optimized_healthcare_10000_differential_privacy_1752762095,2025-07-17T15:21:35.020596,stream_optimized,healthcare,10000,differential_privacy,"{""epsilon"": 1.0}",4.246094226837158,0.00016689300537109375,0.2696340084075928,4.515895128250122,10000,2355.1055312893577,10000,1.0,129.890625,24.8,0.0629425048828125,0.06086587905883789,0.3,0.7,0.8,0.014256286621093751,1.2960433959960938,0.008821487426757812,0.01977021927027468,0.4515895128250122,True,,"Optimized streaming - Topic: healthcare_10000, Consumer Group: dp_1_0_healthcare_10000, Throughput: 2355 rec/sec"
stream_optimized_healthcare_10000_differential_privacy_1752762099,2025-07-17T15:21:39.556083,stream_optimized,healthcare,10000,differential_privacy,"{""epsilon"": 2.0}",4.258104085922241,0.0002307891845703125,0.2667057514190674,4.525040626525879,10000,2348.4630244387627,10000,1.0,129.890625,19.1,0.06829214096069336,0.05854058265686035,0.3,0.7,0.8,0.014528918266296386,1.3608932495117188,0.008821487426757812,0.017637254364786047,0.4525040626525879,True,,"Optimized streaming - Topic: healthcare_10000, Consumer Group: dp_2_0_healthcare_10000, Throughput: 2348 rec/sec"
stream_optimized_healthcare_10000_tokenization_1752762104,2025-07-17T15:21:44.065892,stream_optimized,healthcare,10000,tokenization,"{""key_length"": 128}",4.239187002182007,0.0001838207244873047,0.2600090503692627,4.499379873275757,10000,2358.9428809941082,10000,1.0,129.890625,18.9,0.06949687004089355,0.05878758430480957,0.3,0.7,0.8,0.014557647705078124,1.0952949523925781,0.011920928955078125,0.01233627054992587,0.4499379873275757,True,,"Optimized streaming - Topic: healthcare_10000, Consumer Group: token_128_healthcare_10000, Throughput: 2359 rec/sec"
stream_optimized_healthcare_10000_tokenization_1752762108,2025-07-17T15:21:48.597186,stream_optimized,healthcare,10000,tokenization,"{""key_length"": 256}",4.254705190658569,0.00018095970153808594,0.2673380374908447,4.522224187850952,10000,2350.339107385285,10000,1.0,129.890625,15.1,0.07023167610168457,0.05964827537536621,0.3,0.7,0.8,0.014754223823547363,0.5671977996826172,0.011920928955078125,0.00829840575782426,0.4522224187850952,True,,"Optimized streaming - Topic: healthcare_10000, Consumer Group: token_256_healthcare_10000, Throughput: 2350 rec/sec"
stream_optimized_healthcare_10000_tokenization_1752762113,2025-07-17T15:21:53.151658,stream_optimized,healthcare,10000,tokenization,"{""key_length"": 512}",4.2728493213653564,0.00017523765563964844,0.27149081230163574,4.544515371322632,10000,2340.3586805641385,10000,1.0,129.890625,16.8,0.0683436393737793,0.06874227523803711,0.3,0.7,0.8,0.015430450439453125,10.560989379882812,0.011920928955078125,0.10625410902642478,0.45445153713226316,True,,"Optimized streaming - Topic: healthcare_10000, Consumer Group: token_512_healthcare_10000, Throughput: 2340 rec/sec"
stream_optimized_financial_10000_k_anonymity_1752762117,2025-07-17T15:21:57.673258,stream_optimized,financial,10000,k_anonymity,"{""k_value"": 3}",4.2664878368377686,0.00017213821411132812,0.2451341152191162,4.511794090270996,10000,2343.848238276425,8843,0.8843,129.890625,16.5,0.010512828826904297,0.026485919952392578,0.3,0.7,0.8,0.005430245399475097,0.6229877471923828,0.0016689300537109375,0.008167484106023965,0.45117940902709963,True,,"Optimized streaming - Topic: financial_10000, Consumer Group: k_3_financial_10000, Throughput: 2344 rec/sec"
stream_optimized_financial_10000_k_anonymity_1752762122,2025-07-17T15:22:02.149132,stream_optimized,financial,10000,k_anonymity,"{""k_value"": 5}",4.2179460525512695,0.00017690658569335938,0.24711084365844727,4.46523380279541,10000,2370.8221668580595,8843,0.8843,129.875,15.5,0.010161638259887695,0.026833057403564453,0.3,0.7,0.8,0.005423927307128907,1.1861324310302734,0.0016689300537109375,0.013223792512336737,0.446523380279541,True,,"Optimized streaming - Topic: financial_10000, Consumer Group: k_5_financial_10000, Throughput: 2371 rec/sec"
stream_optimized_financial_10000_k_anonymity_1752762126,2025-07-17T15:22:06.613612,stream_optimized,financial,10000,k_anonymity,"{""k_value"": 10}",4.207934379577637,0.00022411346435546875,0.2447519302368164,4.452910423278809,10000,2376.4629145675344,8843,0.8843,129.875,20.6,0.01007986068725586,0.02718973159790039,0.3,0.7,0.8,0.0054264068603515625,1.2102127075195312,0.0016689300537109375,0.017235475153301833,0.44529104232788086,True,,"Optimized streaming - Topic: financial_10000, Consumer Group: k_10_financial_10000, Throughput: 2376 rec/sec"
stream_optimized_financial_10000_k_anonymity_1752762131,2025-07-17T15:22:11.129330,stream_optimized,financial,10000,k_anonymity,"{""k_value"": 15}",4.256636142730713,0.00022411346435546875,0.24562978744506836,4.502490043640137,10000,2349.272915205012,8843,0.8843,129.875,17.2,0.010161638259887695,0.039543867111206055,0.3,0.7,0.8,0.00667262077331543,13.977766036987305,0.0016689300537109375,0.13996020568900405,0.45024900436401366,True,,"Optimized streaming - Topic: financial_10000, Consumer Group: k_15_financial_10000, Throughput: 2349 rec/sec"
stream_optimized_financial_10000_differential_privacy_1752762135,2025-07-17T15:22:15.603407,stream_optimized,financial,10000,differential_privacy,"{""epsilon"": 0.1}",4.231118679046631,0.0002288818359375,0.2287759780883789,4.460123538970947,10000,2363.4411508053545,8843,0.8843,129.875,20.4,0.02349710464477539,0.027767658233642578,0.3,0.7,0.8,0.006923651695251464,1.1692047119140625,0.0016689300537109375,0.01714871719350581,0.4460123538970947,True,,"Optimized streaming - Topic: financial_10000, Consumer Group: dp_0_1_financial_10000, Throughput: 2363 rec/sec"
stream_optimized_financial_10000_differential_privacy_1752762140,2025-07-17T15:22:20.075660,stream_optimized,financial,10000,differential_privacy,"{""epsilon"": 0.5}",4.21791410446167,0.00019884109497070312,0.24470806121826172,4.462821006774902,10000,2370.8401243690796,8843,0.8843,129.9375,19.0,0.024671554565429688,0.026412010192871094,0.3,0.7,0.8,0.006940889358520508,1.2278556823730469,0.0016689300537109375,0.016951195145467546,0.44628210067749025,True,,"Optimized streaming - Topic: financial_10000, Consumer Group: dp_0_5_financial_10000, Throughput: 2371 rec/sec"
stream_optimized_financial_10000_differential_privacy_1752762144,2025-07-17T15:22:24.554224,stream_optimized,financial,10000,differential_privacy,"{""epsilon"": 1.0}",4.226040840148926,0.0003490447998046875,0.2397019863128662,4.466091871261597,10000,2366.2809656254053,8843,0.8843,129.9375,26.0,0.02373671531677246,0.027696847915649414,0.3,0.7,0.8,0.006913566589355468,1.4300346374511719,0.0016689300537109375,0.017931633615851747,0.44660918712615966,True,,"Optimized streaming - Topic: financial_10000, Consumer Group: dp_1_0_financial_10000, Throughput: 2366 rec/sec"
stream_optimized_financial_10000_differential_privacy_1752762149,2025-07-17T15:22:29.045439,stream_optimized,financial,10000,differential_privacy,"{""epsilon"": 2.0}",4.233190059661865,0.00021982192993164062,0.24723029136657715,4.480640172958374,10000,2362.284673983849,8843,0.8843,129.96875,18.8,0.023313283920288086,0.027730703353881836,0.3,0.7,0.8,0.006860256195068359,1.196146011352539,0.0016689300537109375,0.017214165040863337,0.4480640172958374,True,,"Optimized streaming - Topic: financial_10000, Consumer Group: dp_2_0_financial_10000, Throughput: 2362 rec/sec"
stream_optimized_financial_10000_tokenization_1752762153,2025-07-17T15:22:33.550070,stream_optimized,financial,10000,tokenization,"{""key_length"": 128}",4.253854036331177,0.00023698806762695312,0.23962187767028809,4.493712902069092,10000,2350.809387109273,8843,0.8843,129.96875,17.4,0.03500986099243164,0.0253140926361084,0.3,0.7,0.8,0.007735729217529296,0.11968612670898438,0.0016689300537109375,0.004903887574771468,0.4493712902069092,True,,"Optimized streaming - Topic: financial_10000, Consumer Group: token_128_financial_10000, Throughput: 2351 rec/sec"
stream_optimized_financial_10000_tokenization_1752762158,2025-07-17T15:22:38.077501,stream_optimized,financial,10000,tokenization,"{""key_length"": 256}",4.266057968139648,0.000225067138671875,0.24772882461547852,4.514011859893799,10000,2344.084415796352,8843,0.8843,129.96875,16.5,0.03586077690124512,0.027757883071899414,0.3,0.7,0.8,0.008138251304626466,1.1348724365234375,0.0016689300537109375,0.012861013002558984,0.4514011859893799,True,,"Optimized streaming - Topic: financial_10000, Consumer Group: token_256_financial_10000, Throughput: 2344 rec/sec"
stream_optimized_financial_10000_tokenization_1752762162,2025-07-17T15:22:42.574719,stream_optimized,financial,10000,tokenization,"{""key_length"": 512}",4.24029016494751,0.00021195411682128906,0.24562406539916992,4.486126184463501,10000,2358.329173476219,8843,0.8843,129.96875,14.9,0.03462338447570801,0.026615381240844727,0.3,0.7,0.8,0.007841277122497558,1.2509822845458984,0.0016689300537109375,0.014174459777300629,0.4486126184463501,True,,"Optimized streaming - Topic: financial_10000, Consumer Group: token_512_financial_10000, Throughput: 2358 rec/sec"
